id,email,name,phone,created_at,updated_at
1,alice.chen@example.com,陳雅婷 (Alice),0912-345-678,2026-01-10 09:20:00,2026-09-05 07:24:34
2,bob.lin@example.com,林志豪 (Bob),0923-456-789,2026-01-15 14:11:00,2026-09-05 07:24:34
3,charlie.wang@example.com,王大衛 (Charlie),0934-567-890,2026-01-22 18:30:00,2026-09-05 07:24:34
4,david.kuo@example.com,郭家維 (David),0955-123-456,2026-02-01 11:05:00,2026-09-05 07:24:34
5,emily.huang@example.com,黃羽萱 (Emily),0966-234-567,2026-02-05 16:42:00,2026-09-05 07:24:34
6,frank.liu@example.com,劉柏翰 (Frank),0977-345-678,2026-02-12 10:15:00,2026-09-05 07:24:34
7,grace.chang@example.com,張庭瑄 (Grace),0988-456-789,2026-02-18 20:01:00,2026-09-05 07:24:34
8,henry.wu@example.com,吳冠宇 (Henry),0910-567-890,2026-02-25 13:50:00,2026-09-05 07:24:34
9,iris.yang@example.com,楊佳蓉 (Iris),0920-678-901,2026-03-01 08:33:00,2026-09-05 07:24:34
10,jack.chen@example.com,陳俊傑 (Jack),0930-789-012,2026-03-02 12:20:00,2026-09-05 07:24:34
11,kelly.lai@example.com,賴曉玲 (Kelly),0940-890-123,2026-03-03 17:45:00,2026-09-05 07:24:34
12,leo.tsai@example.com,蔡宗翰 (Leo),0950-901-234,2026-03-04 19:10:00,2026-09-05 07:24:34
